{
  "loss": [
    0.39450281858444214,
    0.3935641050338745,
    0.39157983660697937,
    0.3920239806175232,
    0.3891865015029907,
    0.3901993930339813,
    0.3876444101333618,
    0.3899745047092438,
    0.38732632994651794,
    0.38719573616981506,
    0.38678136467933655
  ],
  "mae": [
    0.7371712327003479,
    0.7367091178894043,
    0.7345645427703857,
    0.7359890937805176,
    0.7317646741867065,
    0.7323299646377563,
    0.7289403676986694,
    0.7325177192687988,
    0.7287145853042603,
    0.7295929193496704,
    0.7299461960792542
  ],
  "val_loss": [
    0.37581667304039,
    0.3758537769317627,
    0.3783843219280243,
    0.37596648931503296,
    0.3772881031036377,
    0.37694671750068665,
    0.3780297338962555,
    0.38353243470191956,
    0.3807874917984009,
    0.3808708190917969,
    0.3817472755908966
  ],
  "val_mae": [
    0.7113035917282104,
    0.7097831964492798,
    0.7103632092475891,
    0.7091660499572754,
    0.7125093340873718,
    0.712432861328125,
    0.7130564451217651,
    0.7181686758995056,
    0.7146406173706055,
    0.7153381109237671,
    0.7156554460525513
  ]
}